table_name,column_name,ordinal_position,data_type,max_length,is_nullable,is_pk,is_fk,fk_references,default_value,constraint_name,column_description_vi,business_rule,data_example
DIM_DATE,date_key,1,INT,,NOT NULL,PK,,,,"PK_DIM_DATE","Khóa thời gian dạng số. Tháng: YYYYMM (vd: 202301). Năm sentinel: YYYY00 (vd: 202300).","Phải thỏa: tháng → date_key%100 IN (1-12); năm → date_key%100=0 (CK_DIM_DATE_YEAR_SENTINEL)","202301"
DIM_DATE,calendar_year,2,SMALLINT,,NOT NULL,,,,,,"Năm dương lịch.","Phạm vi: 2015–2025","2023"
DIM_DATE,quarter,3,TINYINT,,NULL,,,,,,"Quý trong năm (1–4). NULL với dòng năm sentinel.","NULL nếu granularity='YEAR'","1"
DIM_DATE,month,4,TINYINT,,NULL,,,,,,"Tháng trong năm (1–12). NULL với dòng năm sentinel.","NULL nếu granularity='YEAR'","3"
DIM_DATE,granularity,5,CHAR(5),,NOT NULL,,,,,CK_DIM_DATE_GRAN,"Độ mịn thời gian: 'MONTH' cho FACT_TRADE; 'YEAR' cho FACT_TARIFF_RATE và FACT_MACRO_INDICATOR.","CHECK IN ('MONTH','YEAR')","MONTH"
DIM_DATE,date_label,6,VARCHAR(7),,NOT NULL,,,,,,"Nhãn hiển thị trên dashboard/slicer.","Tháng: '2023-01'; Năm: '2023'","2023-01"
DIM_PARTNER,partner_key,1,INT,,NOT NULL,PK,,,,PK_DIM_PARTNER,"Khóa thay thế tự tăng (IDENTITY). Không có ý nghĩa nghiệp vụ.",,1
DIM_PARTNER,code_comtrade,2,CHAR(3),,NOT NULL,,,,,"UQ_DIM_PARTNER_CODE","Mã quốc gia UN Comtrade (3 chữ số). VD: '156'=Trung Quốc, '842'=Mỹ, '0'=World, '704'=VN.","Unique; nguồn: partnerCode hoặc reporterCode từ API","156"
DIM_PARTNER,partner_name,3,NVARCHAR(120),,NOT NULL,,,,,,"Tên quốc gia/vùng lãnh thổ.","Lấy từ partnerDesc của dòng VN_REPORTED. Cấm lấy từ dòng mirror (luôn là 'Vietnam')","China"
DIM_PARTNER,iso3,4,CHAR(3),,NULL,,,,,,"Mã ISO 3166-1 alpha-3. Dùng join với FACT_MACRO_INDICATOR (World Bank trả iso3).","NULL nếu chưa map; map tay 7 mã: CHN/JPN/KOR/DEU/USA/VNM","CHN"
DIM_PARTNER,is_aggregate,5,BIT,,NOT NULL,,,,0,DF_PARTNER_AGG,"= 1 chỉ với đối tác 'World' (code='0'). Không dùng trong xếp hạng đối tác (Rule R3).","DEFAULT 0; World=1","0"
DIM_PARTNER,is_vietnam,6,BIT,,NOT NULL,,,,0,DF_PARTNER_VN,"= 1 chỉ với Việt Nam (code='704').","DEFAULT 0","0"
DIM_PARTNER,usage_note,7,NVARCHAR(160),,NULL,,,,,,"Ghi chú quản trị. VD: 'World chỉ dùng kiểm tra chéo, không vào xếp hạng'.","Tự điền để hướng dẫn người dùng dashboard","World chỉ dùng kiểm tra chéo"
DIM_COMMODITY,commodity_key,1,INT,,NOT NULL,PK,,,,PK_DIM_COMMODITY,"Khóa thay thế tự tăng (IDENTITY).",,1
DIM_COMMODITY,hs6,2,CHAR(6),,NOT NULL,,,,,"UQ_DIM_COMMODITY_HS6","Mã HS6 đã chuẩn hóa về HS2022 (As-Mapped). Đây là khóa tra cứu chính trong phân tích xu hướng.","Unique; quy đổi từ HS2012/2017 về HS2022 trong ETL (bridge_flag=1 nếu đã quy đổi)","851713"
DIM_COMMODITY,hs4,3,CHAR(4),,NOT NULL,,,,,,"4 chữ số đầu của hs6 (cấp chương 4). Dùng roll-up.","LEFT(hs6,4)","8517"
DIM_COMMODITY,hs2,4,CHAR(2),,NOT NULL,,,,,,"2 chữ số đầu của hs6 (cấp chương 2). Dùng roll-up.","LEFT(hs6,2)","85"
DIM_COMMODITY,name_en,5,NVARCHAR(200),,NULL,,,,,,"Tên hàng hóa tiếng Anh (từ commodity_desc API).","Lấy kỳ gần nhất có dòng (tie-break: period DESC)","Smartphones"
DIM_COMMODITY,commodity_group,6,NVARCHAR(60),,NULL,,,,,,"Nhóm hàng do nhóm tự phân loại. VD: 'Điện tử','Nông sản','Dệt may'.","Seed 14 mã; dùng cho drill-down dashboard","Điện tử"
DIM_COMMODITY,bridge_flag,7,BIT,,NOT NULL,,,,0,DF_COMM_BRIDGE,"= 1 nếu mã này được ánh xạ từ mã HS phiên bản cũ (HS revision).","DEFAULT 0; 851713 nhận bridge từ 851712 (2015–2021)","1"
DIM_COMMODITY,bridge_note,8,NVARCHAR(200),,NULL,,,,,,"Giải thích chi tiết việc ánh xạ HS revision.","VD: '2015–2021 theo mã cũ 851712, gồm điện thoại thường — xấp xỉ có chủ đích'","2015-2021 theo mã cũ 851712"
DIM_FLOW,flow_key,1,TINYINT,,NOT NULL,PK,,,,PK_DIM_FLOW,"1 = Xuất khẩu; 2 = Nhập khẩu. Seed tĩnh 2 dòng.","Luôn đọc theo reporter của dòng đó — phải kết hợp với DIM_PERSPECTIVE để hiểu ý nghĩa","1"
DIM_FLOW,flow_code,2,CHAR(1),,NOT NULL,,,,,"UQ_DIM_FLOW_CODE","Ký tự đại diện chiều: 'X' (Xuất) hoặc 'M' (Nhập).","Unique","X"
DIM_FLOW,name_vi,3,NVARCHAR(20),,NOT NULL,,,,,,"Tên tiếng Việt hiển thị trên dashboard.","","Xuất khẩu"
DIM_FLOW,vn_side_meaning,4,NVARCHAR(140),,NULL,,,,,,"Ý nghĩa khi perspective_key=1 (VN khai).","Giải thích ngữ cảnh cho người dùng dashboard","VN xuất hàng sang đối tác"
DIM_FLOW,mirror_side_meaning,5,NVARCHAR(140),,NULL,,,,,,"Ý nghĩa khi perspective_key=2 (Mirror). Flow mirror đọc ngược chiều.","Đối tác nhập từ VN = tương đương VN xuất","Đối tác nhập hàng từ VN"
DIM_PERSPECTIVE,perspective_key,1,TINYINT,,NOT NULL,PK,,,,PK_DIM_PERSPECTIVE,"1 = VN tự báo cáo (VN_REPORTED); 2 = Đối tác báo cáo về VN (PARTNER_MIRROR). Seed tĩnh 2 dòng.",,1
DIM_PERSPECTIVE,code,2,VARCHAR(20),,NOT NULL,,,,,"UQ_DIM_PERSPECTIVE_CODE","Mã chuỗi: 'VN_REPORTED' hoặc 'PARTNER_MIRROR'.","Unique","VN_REPORTED"
DIM_PERSPECTIVE,label_vi,3,NVARCHAR(40),,NOT NULL,,,,,,"Nhãn hiển thị tiếng Việt.","","Việt Nam khai"
DIM_PERSPECTIVE,reliability_note,4,NVARCHAR(300),,NULL,,,,,,"Ghi chú về độ tin cậy và đặc điểm nguồn.","VN_REPORTED: độ trễ ~1 năm. PARTNER_MIRROR: đi trước ~3 năm nhưng đo theo chuẩn khác (FOB/CIF)","Nguồn chính thức của VN; 2024 chưa có số"
DIM_TARIFF_TYPE,tariff_type_key,1,TINYINT,,NOT NULL,PK,,,,PK_DIM_TARIFF_TYPE,"1 = MFN (thuế thông thường); 2 = PREF (thuế ưu đãi FTA). Seed tĩnh 2 dòng.",,1
DIM_TARIFF_TYPE,code,2,VARCHAR(10),,NOT NULL,,,,,"UQ_DIM_TARIFF_TYPE_CODE","Mã chuỗi: 'MFN' hoặc 'PREF'.","Unique","MFN"
DIM_TARIFF_TYPE,label_vi,3,NVARCHAR(60),,NOT NULL,,,,,,"Tên tiếng Việt đầy đủ.","","Thuế MFN (không phân biệt nguồn gốc)"
DIM_TARIFF_TYPE,coverage_note,4,NVARCHAR(300),,NULL,,,,,,"Ghi chú phạm vi dữ liệu từ API WITS.","PREF song phương VN dừng ở 2021 trên endpoint miễn phí; MKT_EXPORT không có PREF","PREF song phương dừng 2021 trên WITS miễn phí"
DIM_INDICATOR,indicator_key,1,TINYINT,,NOT NULL,PK,,,,PK_DIM_INDICATOR,"Khóa số nhỏ cố định (1–5). Seed tĩnh 5 dòng.",,1
DIM_INDICATOR,code_wb,2,VARCHAR(20),,NOT NULL,,,,,"UQ_DIM_INDICATOR_CODE","Mã chỉ số World Bank WDI. LƯU Ý: BN.TOTL.GD.ZS là mã chết (WB error 120) — đã thay bằng NE.TRD.GNFS.ZS.","Unique","NY.GDP.MKTP.CD"
DIM_INDICATOR,name_en,3,NVARCHAR(120),,NOT NULL,,,,,,"Tên tiếng Anh đầy đủ của chỉ số World Bank.","","GDP (current US$)"
DIM_INDICATOR,unit,4,VARCHAR(10),,NOT NULL,,,,,,"Đơn vị đo lường: 'USD','%','LCU/USD'.","","USD"
DIM_INDICATOR,note,5,NVARCHAR(200),,NULL,,,,,,"Ghi chú bổ sung về cách đọc chỉ số.","VD: LCU/USD là tỷ giá trung bình kỳ kế toán (không phải cuối kỳ)","Tỷ giá trung bình kỳ kế toán"
DIM_AUDIT,audit_key,1,INT,,NOT NULL,PK,,,,PK_DIM_AUDIT,"Khóa thay thế tự tăng (IDENTITY). Script ETL INSERT vào bảng này TRƯỚC khi nạp Fact.",,1
DIM_AUDIT,batch_id,2,VARCHAR(32),,NOT NULL,,,,,"UQ_DIM_AUDIT_BATCH","Mã định danh lô trích xuất duy nhất. Đặt theo quy tắc nhất quán trong script ETL.","Unique; VD: 'w2_X_2015' / 'mir_156_2023' / 'wits_MFN_2022'","w2_X_2015"
DIM_AUDIT,source_system,3,VARCHAR(80),,NOT NULL,,,,,,"Hệ thống nguồn dữ liệu.","VD: 'UN_COMTRADE_API_v1' / 'WITS_TRAINS' / 'WORLD_BANK_WDI'","UN_COMTRADE_API_v1"
DIM_AUDIT,staging_file,4,VARCHAR(120),,NULL,,,,,,"Tên file CSV staging tương ứng của batch này.","VD: 'stg_comtrade_vn_reported.csv'","stg_comtrade_vn_reported.csv"
DIM_AUDIT,raw_dir,5,VARCHAR(120),,NULL,,,,,,"Đường dẫn thư mục chứa response thô (JSON) của batch.","VD: 'data/raw/week2_extract/'","data/raw/week2_extract/"
DIM_AUDIT,extracted_at,6,DATETIME2(0),,NULL,,,,,,"Thời điểm trích xuất (giờ UTC). Lấy MAX(extracted_at) của toàn batch.","","2025-09-20 08:30:00"
DIM_AUDIT,row_count,7,INT,,NULL,,,,,,"Số dòng đã trích xuất trong batch. Dùng kiểm tra chéo sau ETL.","","13725"
FACT_TRADE,trade_key,1,INT,,NOT NULL,PK,,,,PK_FACT_TRADE,"Khóa thay thế kỹ thuật tự tăng. Không có ý nghĩa nghiệp vụ.",,1
FACT_TRADE,date_key,2,INT,,NOT NULL,,FK,DIM_DATE.date_key,,"FK_FT_DATE","Tháng giao dịch dạng YYYYMM. Chỉ dùng dòng MONTH của DIM_DATE (granularity='MONTH').","Thành phần GRAIN","202301"
FACT_TRADE,partner_key,3,INT,,NOT NULL,,FK,DIM_PARTNER.partner_key,,"FK_FT_PARTNER","Đối tác TM của Việt Nam. VN_REPORTED: lấy partner_code; PARTNER_MIRROR: lấy reporter_code.","Thành phần GRAIN","3"
FACT_TRADE,commodity_key,4,INT,,NOT NULL,,FK,DIM_COMMODITY.commodity_key,,"FK_FT_COMMODITY","Mã hàng hóa HS6 đã chuẩn hóa về HS2022.","Thành phần GRAIN","5"
FACT_TRADE,flow_key,5,TINYINT,,NOT NULL,,FK,DIM_FLOW.flow_key,,"FK_FT_FLOW","Chiều dòng TM: 1=Xuất, 2=Nhập. Luôn đọc theo reporter của dòng.","Thành phần GRAIN","1"
FACT_TRADE,perspective_key,6,TINYINT,,NOT NULL,,FK,DIM_PERSPECTIVE.perspective_key,,"FK_FT_PERSPECTIVE","Góc nhìn: 1=VN khai, 2=Đối tác khai về VN. [RULE R4: CẤM SUM khi chưa lọc]","Thành phần GRAIN; Rule R4","1"
FACT_TRADE,audit_key,7,INT,,NOT NULL,,FK,DIM_AUDIT.audit_key,,"FK_FT_AUDIT","FK truy vết batch ETL. KHÔNG phải thành phần Grain. Script ETL ghi đè audit_key khi MERGE.","FK thuần túy — không vào UQ_FT_GRAIN","42"
FACT_TRADE,primary_value_usd,8,DECIMAL(18_3),,NOT NULL,,,,,,"Giá trị thương mại chính (USD). Measure chính của Fact. Additive khi cùng perspective và chiều.","SUM hợp lệ sau khi lọc perspective_key","1234567.890"
FACT_TRADE,net_wgt_kg,9,DECIMAL(18_3),,NULL,,,,,,"Trọng lượng tịnh (kg). Additive — dùng cộng gộp chéo HS thay cho qty. NULL nếu API không trả.","SUM hợp lệ khi cùng định nghĩa trọng lượng","50000.000"
FACT_TRADE,qty,10,DECIMAL(18_3),,NULL,,,,,,"Số lượng theo đơn vị riêng của mã HS (cái/chiếc/lít/m²...). [RULE R1: CẤM SUM chéo HS]","Power BI: Sum By=Disabled; DAX: CALCULATE(SUM) chỉ sau khi lọc 1 HS6","1000.000"
FACT_TRADE,fob_value_usd,11,DECIMAL(18_3),,NULL,,,,,,"Giá trị FOB (Free On Board) nếu Comtrade API trả về. NULL nếu không có.","Additive tương tự primary_value_usd","1200000.000"
FACT_TRADE,cif_value_usd,12,DECIMAL(18_3),,NULL,,,,,,"Giá trị CIF (Cost+Insurance+Freight) nếu API trả về. NULL nếu không có.","","1300000.000"
FACT_TRADE,hs6_reported,13,CHAR(6),,NOT NULL,,,,,,"Mã HS nguyên bản từ API (As-Is). KHÔNG quy đổi về HS2022. Phục vụ lineage và đối chiếu dữ liệu gốc.","Kỹ thuật As-Is vs As-Mapped: cột này lưu As-Is; commodity_key lưu As-Mapped","851712"
FACT_TRADE,reporter_code,14,CHAR(3),,NOT NULL,,,,,,"Mã nước người báo cáo (Comtrade). '704'=VN; mã đối tác nếu là dòng mirror.","Dùng đối chiếu về raw data","704"
FACT_TRADE,partner_code_src,15,CHAR(3),,NOT NULL,,,,,,"Mã đối tác nguyên bản từ API. Dùng lọc bỏ World ('0') trong VW_TRADE_RECONCILIATION.","partner_code_src <> '0' → lọc World ra khỏi View đối chiếu","156"
FACT_TRADE,is_aggregate_partner,16,BIT,,NOT NULL,,,,,,"= 1 nếu đối tác là World (code='0'). [RULE R3: Dòng World không vào xếp hạng đối tác]","WHERE is_aggregate_partner=0 trong mọi view xếp hạng","0"
FACT_TRADE,year,17,SMALLINT,,NOT NULL,,,,,,"Năm của giao dịch (denormalize). Tăng hiệu năng truy vấn GROUP BY năm.","= period / 100","2023"
FACT_TRADE,month,18,TINYINT,,NOT NULL,,,,,,"Tháng của giao dịch (denormalize). Tăng hiệu năng truy vấn seasonality.","= period % 100","1"
FACT_TRADE,mirror_role,19,VARCHAR(20),,NULL,,,,,,"Vai trò dòng mirror. NULL với VN_REPORTED. [CK_FT_MIRROR_ROLE]","RECON_VN_EXPORT / RECON_VN_IMPORT / INFO_EXTRA; NULL nếu perspective_key=1","RECON_VN_EXPORT"
FACT_TRADE,is_reported,20,BIT,,NULL,,,,,,"Cờ đánh dấu đối tác có thực báo cáo hay số ước tính của UN. NULL với dòng VN.","Chờ kết quả check_is_reported.py (Q6 — pending)","1"
FACT_TARIFF_RATE,tariff_key,1,INT,,NOT NULL,PK,,,,PK_FACT_TARIFF,"Khóa thay thế kỹ thuật tự tăng.",,1
FACT_TARIFF_RATE,date_key,2,INT,,NOT NULL,,FK,DIM_DATE.date_key,,"FK_TR_DATE","Năm dạng Year Sentinel (YYYY00). [CK_TR_YEAR_SENTINEL: date_key%100=0]","Thành phần GRAIN; Ràng buộc CK_TR_YEAR_SENTINEL chặn nạp sai dạng tháng","202300"
FACT_TARIFF_RATE,partner_key,3,INT,,NOT NULL,,FK,DIM_PARTNER.partner_key,,"FK_TR_PARTNER","Đối tác TM. VN_IMPORT_*: đối tác xuất hàng vào VN; MKT_EXPORT_*: reporter nước áp thuế lên hàng VN.","Thành phần GRAIN","3"
FACT_TARIFF_RATE,commodity_key,4,INT,,NOT NULL,,FK,DIM_COMMODITY.commodity_key,,"FK_TR_COMMODITY","Mã hàng hóa HS6 chuẩn HS2022.","Thành phần GRAIN","5"
FACT_TARIFF_RATE,tariff_type_key,5,TINYINT,,NOT NULL,,FK,DIM_TARIFF_TYPE.tariff_type_key,,"FK_TR_TYPE","Loại thuế: 1=MFN, 2=PREF.","Thành phần GRAIN","1"
FACT_TARIFF_RATE,audit_key,6,INT,,NOT NULL,,FK,DIM_AUDIT.audit_key,,"FK_TR_AUDIT","FK truy vết batch ETL. Không phải Grain.","FK thuần túy","10"
FACT_TARIFF_RATE,combo_code,7,VARCHAR(20),,NOT NULL,,,,,,"Tổ hợp xác định chiều phân tích thuế. Giá trị: 'VN_IMPORT_MFN' / 'VN_IMPORT_PREF' / 'MKT_EXPORT_MFN'.","Thành phần GRAIN; đọc hướng dẫn wits_tariff_extract.md §4","VN_IMPORT_MFN"
FACT_TARIFF_RATE,ad_valorem_pct,8,DECIMAL(9_4),,NULL,,,,,,"Thuế suất ad valorem (%). [RULE R2: CẤM SUM hoặc AVG trần]. Aggregation đúng: SUM(pct*total_lines)/SUM(total_lines)","Power BI: không tạo measure SUM; mart tuần 10 dùng weighted average","5.2500"
FACT_TARIFF_RATE,measure_label,9,VARCHAR(60),,NULL,,,,,,"Nhãn phương pháp tính của WITS. VD: 'SimpleAverage' / 'WeightedAverage'.","","SimpleAverage"
FACT_TARIFF_RATE,min_rate,10,DECIMAL(9_4),,NULL,,,,,,"Thuế suất thấp nhất trong nhóm dòng HS. Dùng phân tích phân phối thuế.","","0.0000"
FACT_TARIFF_RATE,max_rate,11,DECIMAL(9_4),,NULL,,,,,,"Thuế suất cao nhất trong nhóm dòng HS.","","25.0000"
FACT_TARIFF_RATE,total_lines,12,INT,,NULL,,,,,,"Tổng số dòng tariff trong HS6 (dùng làm mẫu số khi tính weighted average).","Dùng: SUM(ad_valorem_pct*total_lines)/SUM(total_lines)","48"
FACT_TARIFF_RATE,mfn_lines,13,INT,,NULL,,,,,,"Số dòng MFN trong tổng total_lines.","","48"
FACT_TARIFF_RATE,pref_lines,14,INT,,NULL,,,,,,"Số dòng PREF trong tổng total_lines.","","30"
FACT_TARIFF_RATE,datatype,15,VARCHAR(10),,NULL,,,,,,"Kiểu dữ liệu WITS. VD: 'Reported' / 'Estimated'.","","Reported"
FACT_MACRO_INDICATOR,macro_key,1,INT,,NOT NULL,PK,,,,PK_FACT_MACRO,"Khóa thay thế kỹ thuật tự tăng.",,1
FACT_MACRO_INDICATOR,date_key,2,INT,,NOT NULL,,FK,DIM_DATE.date_key,,"FK_MC_DATE","Năm dạng Year Sentinel (YYYY00). [CK_MC_YEAR_SENTINEL: date_key%100=0]","Thành phần GRAIN","202300"
FACT_MACRO_INDICATOR,partner_key,3,INT,,NOT NULL,,FK,DIM_PARTNER.partner_key,,"FK_MC_PARTNER","Quốc gia của chỉ số vĩ mô. Join qua DIM_PARTNER.iso3 (World Bank trả iso3).","Thành phần GRAIN","3"
FACT_MACRO_INDICATOR,indicator_key,4,TINYINT,,NOT NULL,,FK,DIM_INDICATOR.indicator_key,,"FK_MC_INDICATOR","Chỉ số vĩ mô. Tham chiếu seed 5 dòng trong DIM_INDICATOR.","Thành phần GRAIN","1"
FACT_MACRO_INDICATOR,audit_key,5,INT,,NOT NULL,,FK,DIM_AUDIT.audit_key,,"FK_MC_AUDIT","FK truy vết batch ETL. Không phải Grain.","FK thuần túy","15"
FACT_MACRO_INDICATOR,value,6,DECIMAL(18_2),,NULL,,,,,,"Giá trị chỉ số vĩ mô. NULL = World Bank không có số (khác với 0 = giá trị bằng không).","Non-additive — không SUM theo chỉ số khác nhau; dùng LAST/AVG tùy câu hỏi","409700000000.00"
DW_USAGE_RULE,rule_id,1,VARCHAR(4),,NOT NULL,PK,,,,PK_DW_USAGE_RULE,"Mã luật: R1–R5.",,R1
DW_USAGE_RULE,applies_to,2,NVARCHAR(120),,NOT NULL,,,,,,"Cột/bảng mà luật áp dụng.","","FACT_TRADE.qty"
DW_USAGE_RULE,rule_vi,3,NVARCHAR(400),,NOT NULL,,,,,,"Nội dung luật bằng tiếng Việt.","","Cấm SUM cộng gộp qty: đơn vị đo khác nhau giữa mã"
DW_USAGE_RULE,enforcement,4,NVARCHAR(200),,NOT NULL,,,,,,"Phương thức thi hành tại tầng Semantic (Power BI/SSAS/DAX).","","Power BI: cột qty đặt Sum By = Disabled"
